{"cameraMode":{"drawMode":0,"name":"Shaded","section":"Shading Mode"},"sceneLighting":false,"audioPlay":false,"sceneViewState":{"m_AlwaysRefresh":false,"showFog":true,"showSkybox":true,"showFlares":true,"showImageEffects":true,"showParticleSystems":true,"showVisualEffectGraphs":true,"m_FxEnabled":false},"in2DMode":false,"pivot":{"x":5.187735080718994,"y":2.5333690643310549,"z":-1.8235700130462647},"rotation":{"x":-0.0647209957242012,"y":0.03651243448257446,"z":-0.0023696101270616056,"w":-0.9972337484359741},"size":0.027799269184470178,"orthographic":false}