{"cameraMode":{"drawMode":0,"name":"Shaded","section":"Shading Mode"},"sceneLighting":false,"audioPlay":false,"sceneViewState":{"m_AlwaysRefresh":false,"showFog":true,"showSkybox":true,"showFlares":true,"showImageEffects":true,"showParticleSystems":true,"showVisualEffectGraphs":true,"m_FxEnabled":true},"in2DMode":false,"pivot":{"x":2.5047950744628908,"y":3.1806888580322267,"z":-0.1585557460784912},"rotation":{"x":0.047981757670640948,"y":0.017153732478618623,"z":-0.000775475928094238,"w":0.9988269209861755},"size":3.938081741333008,"orthographic":true}