{"cameraMode":{"drawMode":0,"name":"Shaded","section":"Shading Mode"},"sceneLighting":false,"audioPlay":false,"sceneViewState":{"m_AlwaysRefresh":false,"showFog":true,"showSkybox":true,"showFlares":true,"showImageEffects":true,"showParticleSystems":true,"showVisualEffectGraphs":true,"m_FxEnabled":true},"in2DMode":false,"pivot":{"x":3.0399999618530275,"y":3.0799999237060549,"z":4.800000190734863},"rotation":{"x":0.029995057731866838,"y":-0.009866870008409024,"z":0.0004815205466002226,"w":0.9995510578155518},"size":4.673161506652832,"orthographic":true}