{"cameraMode":{"drawMode":0,"name":"Shaded","section":"Shading Mode"},"sceneLighting":false,"audioPlay":false,"sceneViewState":{"m_AlwaysRefresh":false,"showFog":true,"showSkybox":true,"showFlares":true,"showImageEffects":true,"showParticleSystems":true,"showVisualEffectGraphs":true,"m_FxEnabled":true},"in2DMode":false,"pivot":{"x":-0.1899999976158142,"y":0.7670001983642578,"z":5.9340009689331059},"rotation":{"x":0.1849159151315689,"y":0.019810324534773828,"z":-0.003705875016748905,"w":0.9826751947402954},"size":4.967084884643555,"orthographic":true}