{"cameraMode":{"drawMode":0,"name":"Shaded","section":"Shading Mode"},"sceneLighting":false,"audioPlay":false,"sceneViewState":{"m_AlwaysRefresh":false,"showFog":true,"showSkybox":true,"showFlares":true,"showImageEffects":true,"showParticleSystems":true,"showVisualEffectGraphs":true,"m_FxEnabled":true},"in2DMode":false,"pivot":{"x":2.8865203857421877,"y":1.7532267570495606,"z":8.780943870544434},"rotation":{"x":0.02668008767068386,"y":0.7053918242454529,"z":-0.02634268067777157,"w":0.7079001665115356},"size":0.7198885679244995,"orthographic":true}