{"cameraMode":{"drawMode":0,"name":"Shaded","section":"Shading Mode"},"sceneLighting":false,"audioPlay":false,"sceneViewState":{"m_AlwaysRefresh":false,"showFog":true,"showSkybox":true,"showFlares":true,"showImageEffects":true,"showParticleSystems":true,"showVisualEffectGraphs":true,"m_FxEnabled":true},"in2DMode":false,"pivot":{"x":1.5392093658447266,"y":1.56096351146698,"z":-5.500025749206543},"rotation":{"x":0.10033363103866577,"y":-0.014258013106882573,"z":0.001441235770471394,"w":0.9949774146080017},"size":3.9141364097595217,"orthographic":false}