{"cameraMode":{"drawMode":0,"name":"Shaded","section":"Shading Mode"},"sceneLighting":false,"audioPlay":false,"sceneViewState":{"m_AlwaysRefresh":false,"showFog":true,"showSkybox":true,"showFlares":true,"showImageEffects":true,"showParticleSystems":true,"showVisualEffectGraphs":true,"m_FxEnabled":true},"in2DMode":false,"pivot":{"x":6.832676887512207,"y":2.9354424476623537,"z":4.19704532623291},"rotation":{"x":-0.003941004164516926,"y":0.7506598234176636,"z":-0.004525987431406975,"w":-0.6608476638793945},"size":0.7492923736572266,"orthographic":true}