{"cameraMode":{"drawMode":0,"name":"Shaded","section":"Shading Mode"},"sceneLighting":false,"audioPlay":false,"sceneViewState":{"m_AlwaysRefresh":false,"showFog":true,"showSkybox":true,"showFlares":true,"showImageEffects":true,"showParticleSystems":true,"showVisualEffectGraphs":true,"m_FxEnabled":true},"in2DMode":false,"pivot":{"x":1.428574800491333,"y":0.9817180633544922,"z":9.174402236938477},"rotation":{"x":0.0032724712509661915,"y":0.7122289538383484,"z":-0.003094325540587306,"w":0.7020119428634644},"size":12.12435531616211,"orthographic":true}