{"cameraMode":{"drawMode":0,"name":"Shaded","section":"Shading Mode"},"sceneLighting":false,"audioPlay":false,"sceneViewState":{"m_AlwaysRefresh":false,"showFog":true,"showSkybox":true,"showFlares":true,"showImageEffects":true,"showParticleSystems":true,"showVisualEffectGraphs":true,"m_FxEnabled":true},"in2DMode":false,"pivot":{"x":2.877000331878662,"y":1.2314000129699708,"z":0.4780000150203705},"rotation":{"x":0.006296059116721153,"y":0.7267917394638062,"z":-0.00643540732562542,"w":0.6868725419044495},"size":1.9507956504821778,"orthographic":true}