{"cameraMode":{"drawMode":0,"name":"Shaded","section":"Shading Mode"},"sceneLighting":false,"audioPlay":false,"sceneViewState":{"m_AlwaysRefresh":false,"showFog":true,"showSkybox":true,"showFlares":true,"showImageEffects":true,"showParticleSystems":true,"showVisualEffectGraphs":true,"m_FxEnabled":false},"in2DMode":false,"pivot":{"x":-0.6744400858879089,"y":1.3524279594421387,"z":5.405667304992676},"rotation":{"x":0.053464457392692569,"y":-0.08617188036441803,"z":-0.004633000586181879,"w":-0.9948409199714661},"size":0.9109362959861755,"orthographic":false}