{"cameraMode":{"drawMode":0,"name":"Shaded","section":"Shading Mode"},"sceneLighting":false,"audioPlay":false,"sceneViewState":{"m_AlwaysRefresh":false,"showFog":true,"showSkybox":true,"showFlares":true,"showImageEffects":true,"showParticleSystems":true,"showVisualEffectGraphs":true,"m_FxEnabled":true},"in2DMode":false,"pivot":{"x":3.0399999618530275,"y":3.086199998855591,"z":4.579999923706055},"rotation":{"x":0.03149871155619621,"y":0.006650998257100582,"z":-0.0001867664250312373,"w":0.9996063709259033},"size":4.024878025054932,"orthographic":true}