{"cameraMode":{"drawMode":0,"name":"Shaded","section":"Shading Mode"},"sceneLighting":false,"audioPlay":false,"sceneViewState":{"m_AlwaysRefresh":false,"showFog":true,"showSkybox":true,"showFlares":true,"showImageEffects":true,"showParticleSystems":true,"showVisualEffectGraphs":true,"m_FxEnabled":true},"in2DMode":false,"pivot":{"x":2.4429595470428469,"y":2.5368621349334719,"z":4.6426100730896},"rotation":{"x":0.11226905882358551,"y":0.0051129404455423359,"z":-0.0004198250244371593,"w":0.9937140941619873},"size":4.704561710357666,"orthographic":true}