{"cameraMode":{"drawMode":0,"name":"Shaded","section":"Shading Mode"},"sceneLighting":false,"audioPlay":false,"sceneViewState":{"m_AlwaysRefresh":false,"showFog":true,"showSkybox":true,"showFlares":true,"showImageEffects":true,"showParticleSystems":true,"showVisualEffectGraphs":true,"m_FxEnabled":true},"in2DMode":false,"pivot":{"x":0.7154994010925293,"y":1.023664116859436,"z":-0.532874584197998},"rotation":{"x":0.014510972425341607,"y":0.675397515296936,"z":-0.013029385358095169,"w":0.7372653484344482},"size":1.3841644525527955,"orthographic":true}