{"cameraMode":{"drawMode":0,"name":"Shaded","section":"Shading Mode"},"sceneLighting":false,"audioPlay":false,"sceneViewState":{"m_AlwaysRefresh":false,"showFog":true,"showSkybox":true,"showFlares":true,"showImageEffects":true,"showParticleSystems":true,"showVisualEffectGraphs":true,"m_FxEnabled":true},"in2DMode":false,"pivot":{"x":2.6137657165527345,"y":0.9770416617393494,"z":-0.6827589273452759},"rotation":{"x":0.05973384901881218,"y":0.712956964969635,"z":-0.061030734330415729,"w":0.6960199475288391},"size":1.1661854982376099,"orthographic":true}