{"cameraMode":{"drawMode":0,"name":"Shaded","section":"Shading Mode"},"sceneLighting":false,"audioPlay":false,"sceneViewState":{"m_AlwaysRefresh":false,"showFog":true,"showSkybox":true,"showFlares":true,"showImageEffects":true,"showParticleSystems":true,"showVisualEffectGraphs":true,"m_FxEnabled":true},"in2DMode":false,"pivot":{"x":1.5525975227355958,"y":2.5227344036102297,"z":-2.605830430984497},"rotation":{"x":0.0004547557618934661,"y":0.7276394367218018,"z":-0.0008063327404670417,"w":0.6860489845275879},"size":2.6894664764404299,"orthographic":true}