{"cameraMode":{"drawMode":0,"name":"Shaded","section":"Shading Mode"},"sceneLighting":false,"audioPlay":false,"sceneViewState":{"m_AlwaysRefresh":false,"showFog":true,"showSkybox":true,"showFlares":true,"showImageEffects":true,"showParticleSystems":true,"showVisualEffectGraphs":true,"m_FxEnabled":true},"in2DMode":false,"pivot":{"x":-0.11299991607666016,"y":-0.2839999198913574,"z":-0.8719997406005859},"rotation":{"x":0.005571442656219006,"y":0.6897504329681397,"z":-0.005027559585869312,"w":0.7240734696388245},"size":12.12435531616211,"orthographic":true}