{"cameraMode":{"drawMode":0,"name":"Shaded","section":"Shading Mode"},"sceneLighting":false,"audioPlay":false,"sceneViewState":{"m_AlwaysRefresh":false,"showFog":true,"showSkybox":true,"showFlares":true,"showImageEffects":true,"showParticleSystems":true,"showVisualEffectGraphs":true,"m_FxEnabled":true},"in2DMode":false,"pivot":{"x":-0.5393905639648438,"y":0.7933472394943237,"z":6.083988666534424},"rotation":{"x":0.024001020938158037,"y":0.008129175752401352,"z":-0.000005857860742253251,"w":0.9997298717498779},"size":1.4816559553146363,"orthographic":true}