{"cameraMode":{"drawMode":0,"name":"Shaded","section":"Shading Mode"},"sceneLighting":false,"audioPlay":false,"sceneViewState":{"m_AlwaysRefresh":false,"showFog":true,"showSkybox":true,"showFlares":true,"showImageEffects":true,"showParticleSystems":true,"showVisualEffectGraphs":true,"m_FxEnabled":true},"in2DMode":false,"pivot":{"x":0.48949241638183596,"y":1.1817245483398438,"z":-0.3258066177368164},"rotation":{"x":-0.04212511330842972,"y":-0.7104846239089966,"z":0.042676035314798358,"w":-0.7011770009994507},"size":1.3432260751724244,"orthographic":true}