{"cameraMode":{"drawMode":0,"name":"Shaded","section":"Shading Mode"},"sceneLighting":false,"audioPlay":false,"sceneViewState":{"m_AlwaysRefresh":false,"showFog":true,"showSkybox":true,"showFlares":true,"showImageEffects":true,"showParticleSystems":true,"showVisualEffectGraphs":true,"m_FxEnabled":true},"in2DMode":false,"pivot":{"x":2.913998603820801,"y":1.5120000839233399,"z":8.523475646972657},"rotation":{"x":0.014510972425341607,"y":0.675397515296936,"z":-0.013029385358095169,"w":0.7372653484344482},"size":1.2153950929641724,"orthographic":true}