{"cameraMode":{"drawMode":0,"name":"Shaded","section":"Shading Mode"},"sceneLighting":false,"audioPlay":false,"sceneViewState":{"m_AlwaysRefresh":false,"showFog":true,"showSkybox":true,"showFlares":true,"showImageEffects":true,"showParticleSystems":true,"showVisualEffectGraphs":true,"m_FxEnabled":false},"in2DMode":false,"pivot":{"x":2.944356679916382,"y":1.8529980182647706,"z":0.8164520859718323},"rotation":{"x":0.031182652339339258,"y":0.014089607633650303,"z":0.00043713097693398595,"w":-0.9994242191314697},"size":1.7194689512252808,"orthographic":false}