{"cameraMode":{"drawMode":0,"name":"Shaded","section":"Shading Mode"},"sceneLighting":false,"audioPlay":false,"sceneViewState":{"m_AlwaysRefresh":false,"showFog":true,"showSkybox":true,"showFlares":true,"showImageEffects":true,"showParticleSystems":true,"showVisualEffectGraphs":true,"m_FxEnabled":false},"in2DMode":false,"pivot":{"x":3.1123433113098146,"y":3.08620023727417,"z":4.555000305175781},"rotation":{"x":0.00118706573266536,"y":0.07403001934289932,"z":0.00008730336412554607,"w":-0.9972617626190186},"size":6.443570613861084,"orthographic":false}