{"cameraMode":{"drawMode":0,"name":"Shaded","section":"Shading Mode"},"sceneLighting":false,"audioPlay":false,"sceneViewState":{"m_AlwaysRefresh":false,"showFog":true,"showSkybox":true,"showFlares":true,"showImageEffects":true,"showParticleSystems":true,"showVisualEffectGraphs":true,"m_FxEnabled":true},"in2DMode":false,"pivot":{"x":-0.12092732638120651,"y":-1.1665217876434327,"z":4.56091833114624},"rotation":{"x":0.47961488366127016,"y":-0.024814041331410409,"z":0.013385161757469178,"w":0.8770889043807983},"size":5.058055877685547,"orthographic":true}