{"cameraMode":{"drawMode":0,"name":"Shaded","section":"Shading Mode"},"sceneLighting":false,"audioPlay":false,"sceneViewState":{"m_AlwaysRefresh":false,"showFog":true,"showSkybox":true,"showFlares":true,"showImageEffects":true,"showParticleSystems":true,"showVisualEffectGraphs":true,"m_FxEnabled":true},"in2DMode":false,"pivot":{"x":3.0399999618530275,"y":3.086199998855591,"z":4.53000020980835},"rotation":{"x":0.02250131219625473,"y":-0.0008301589405164123,"z":0.00007233993528643623,"w":0.9998731017112732},"size":4.024878025054932,"orthographic":true}